id,p,your_label,truth,text
UXBMtEK55t4,0.96,0,1,YouTube video title: Eating Pigeon in Egypt 😳 | Channel: Gareth Eats
AjjijxNhvx4,0.95,0,1,YouTube video title: The BEST Cheap eats in Chinatown NYC! $5 for this ENTIRE PLATE! #chinatown #food #nyc #viral #budget | Channel: Jordan Bentley Eats
gjjNEVI5UyE,0.91,0,1,YouTube video title: Trying the BEST Seafood Crawfish Boil in the South! Near Louisiana! #food #seafood #seafoodboil | Channel: Jordan Bentley Eats
HVHCoTEf88E,0.91,0,1,YouTube video title: Trying the BEST Liquor Store Sandwiches in San Diego | Channel: Gareth Eats
fROrcUqaAnc,0.89,0,,YouTube video title: South African Lunch | Channel: 1 Hour Lunch Break
IuC056tEfFc,0.87,0,1,YouTube video title: Trying Viral TikTok Foods in San Diego | Channel: Jordan Bentley Eats
czukmCgf4pc,0.8,0,,YouTube video title: Japanese Street Food | Channel: 1 Hour Lunch Break
7qEb4wTF-3w,0.77,0,1,YouTube video title: ICONIC 85-Year Old BBQ Steakhouse in Santa Maria You Can't Miss! | Channel: Rockstar Eater
PpGBAacG048,0.75,0,,YouTube video title: NY Water + Everything Bagel | Channel: 1 Hour Lunch Break
OqEq8m8wHMg,0.73,0,1,YouTube video title: MUST TRY BREW HOUSE HIDDEN GEM IN THE IE?!🤩 | Channel: obieats
3PW0FonIBZc,0.7,0,0,YouTube video title: The Best Bar in Whittier | Channel: Forking Around
u3o6Wl92C70,0.69,0,,YouTube video title: 10 Samoan Foods You Must Try! | Channel: Rockstar Eater
EckoEguxPHI,0.67,0,,YouTube video title: Vallarta Chile Relleno & Steak Torta | Channel: 1 Hour Lunch Break
pFZ73v2LCG8,0.66,0,,YouTube video title: Breakfast at Jollibee?! | Channel: 1 Hour Lunch Break
ycSQN4XTFt0,0.65,0,,YouTube video title: Cuban Food | Channel: 1 Hour Lunch Break
pX5scGO2_78,0.65,0,,YouTube video title: New Haven Style Pizza | Channel: 1 Hour Lunch Break
oGsSmScoDAk,0.64,0,,YouTube video title: THE ULTIMATE Santa Maria BBQ Tour! 3 Best BBQ Joints! | Channel: Rockstar Eater
wLppN5Po92U,0.37,1,1,"YouTube video title: BEST FOOD SPOTS IN RANCHO CUCAMONGA, CA | Channel: obieats"
cDguhcYWdQU,0.63,0,,YouTube video title: Pregnancy Sandwich at Jersey Mikes | Channel: 1 Hour Lunch Break
AiKHD-ooNAw,0.63,0,,YouTube video title: Jollibee | Channel: 1 Hour Lunch Break
vCYYhz6X2go,0.62,0,,YouTube video title: Japanese Food | Channel: 1 Hour Lunch Break
2jN8aIdAwfY,0.62,0,,YouTube video title: Turkey Ice Cream | Channel: 1 Hour Lunch Break
A4HKWxnoqpQ,0.62,0,,YouTube video title: Jamaican Jerk | Channel: 1 Hour Lunch Break
EvHSbPCIWUY,0.62,0,,YouTube video title: Trying Bodega Park Chopped Cheese & Chicken Breakfast Burrito | Channel: 1 Hour Lunch Break
Ff304JR0qwM,0.61,0,0,YouTube video title: Porto’s Cubano & Spicy Chicken Milanesa | Channel: 1 Hour Lunch Break
ysSDaj0KY7k,0.6,0,,YouTube video title: Japanese Pancakes | Channel: 1 Hour Lunch Break
Uj8vyuFyY0U,0.6,0,,YouTube video title: Trying Peruvian Food | Channel: 1 Hour Lunch Break
-qfN-IqZelM,0.59,0,,YouTube video title: Japanese Cheesecake | Channel: 1 Hour Lunch Break
Q74bNHOpZ8M,0.59,0,,YouTube video title: Seafood Boil | Channel: 1 Hour Lunch Break
lBgsAf0nL3Y,0.59,0,,YouTube video title: Jollibee NEW Flavor Good?! | Channel: 1 Hour Lunch Break
BsrMlEmfegM,0.59,0,,YouTube video title: Cuban Food For Lunch! | Channel: 1 Hour Lunch Break
wPO0Dp5lV-c,0.58,0,,YouTube video title: First Time Trying Russian Food | Channel: 1 Hour Lunch Break
_yihyxw91cA,0.58,0,,YouTube video title: Pickle Sandwich | Channel: 1 Hour Lunch Break
OxeZbTue-xs,0.58,0,,YouTube video title: McGriddle Sandwich | Channel: 1 Hour Lunch Break
ycdahkVOsxA,0.57,0,,YouTube video title: Hawaiian Hot Chicken | Channel: 1 Hour Lunch Break
G8Q2oF2uliQ,0.57,0,,YouTube video title: Who Enjoys Country Style Fried Chicken?! | Channel: 1 Hour Lunch Break
QF1WghsHF4w,0.57,0,,YouTube video title: Indian Food Appetizers PART 2 | Channel: 1 Hour Lunch Break
NuyTC5QNzo4,0.57,0,,YouTube video title: Best Cheese Steak of Philly?! | Channel: 1 Hour Lunch Break
EF1Vd3bYdrM,0.57,0,,YouTube video title: Steamed Dumplings w/ Chili Sauce | Channel: 1 Hour Lunch Break
_V7-Kh_V4iU,0.57,0,,YouTube video title: $20 Lobster Rolls! | Channel: Forking Around
gvflsmufthM,0.56,0,,YouTube video title: Viral Frozen Fruit Ice Cream | Channel: 1 Hour Lunch Break
AMTwLNgrhc8,0.56,0,,YouTube video title: 7 Empanadas for Lunch | Channel: 1 Hour Lunch Break
mxZWhRrAX7E,0.56,0,,YouTube video title: Lobster Roll from Broad Street Oyster | Channel: 1 Hour Lunch Break
obgvIKwXkI4,0.56,0,,YouTube video title: Boo’s Philly Cheesesteak | Channel: 1 Hour Lunch Break
odOE6jJq5UE,0.56,0,,YouTube video title: Hawaiian BBQ Chicken from Moana Hawaiian BBQ | Channel: 1 Hour Lunch Break
zAUUtHZfs6g,0.56,0,,YouTube video title: Red Curry Chicken Bowl #shorts | Channel: 1 Hour Lunch Break
GMwkjFDxL6E,0.55,0,,YouTube video title: Colorful Dumpling Flight | Channel: 1 Hour Lunch Break
2kOa1rXJ7d4,0.55,0,,YouTube video title: Jersey Mikes Cheesy Steak | Channel: 1 Hour Lunch Break
1OZWW5GcFFg,0.55,0,,YouTube video title: Best Shrimp on the Island? | Channel: 1 Hour Lunch Break
zhOpq4yWaB0,0.55,0,,YouTube video title: KFC CHIZZA = Chicken + Pizza | Channel: 1 Hour Lunch Break
uL0f6MiL7pg,0.55,0,,YouTube video title: Chili Honey Fried Chicken Sandwich | Channel: 1 Hour Lunch Break
WOfszL6S3Is,0.55,0,,YouTube video title: A Whole Turkey 🦃 | Channel: 1 Hour Lunch Break
J1jGKS3eff0,0.55,0,,YouTube video title: Korean Corn Dogs for Lunch | Channel: 1 Hour Lunch Break
qW0IIOqFHTo,0.54,0,,YouTube video title: Crispy Shawarma | Channel: 1 Hour Lunch Break
hKSE3RF6MaQ,0.54,0,,YouTube video title: Onigiri Volcano | Channel: 1 Hour Lunch Break
J6hZIEEwb0k,0.54,0,,YouTube video title: Szechuan Fried Chicken | Channel: 1 Hour Lunch Break
2aRQ73VAnTU,0.54,0,,YouTube video title: Churchs Chicken | Channel: 1 Hour Lunch Break
kXA4KuFtrQ8,0.54,0,,YouTube video title: Worlds Best Fried Chicken?! | Channel: 1 Hour Lunch Break
CS6K357xqOQ,0.54,0,,YouTube video title: You’ve Been Eating These Snowballs Wrong | Channel: 1 Hour Lunch Break
VGdLEuoh6Go,0.54,0,,YouTube video title: Wingstop NEW FLAVOR ALERT | Channel: 1 Hour Lunch Break
4Mz54yDbYqE,0.54,0,,YouTube video title: Shake Shacks First Ever New Side | Channel: 1 Hour Lunch Break
nAxn1B20jmE,0.54,0,,YouTube video title: Best Chicken Dip | Channel: 1 Hour Lunch Break
HCDHZHGnoxI,0.54,0,,YouTube video title: Ultimate Chip Dish | Channel: 1 Hour Lunch Break
Sh0Co8PmdOk,0.54,0,,YouTube video title: Baked Wings…Not Fried | Channel: 1 Hour Lunch Break
EhwIf50lNHw,0.54,0,,YouTube video title: Shake Shack Korean BBQ Burger & Fried Chicken Sandwich | Channel: 1 Hour Lunch Break
S7W5-3MeIFE,0.54,0,,YouTube video title: IKEA Meatballs! | Channel: 1 Hour Lunch Break
dSkS5LAIVJo,0.53,0,,YouTube video title: McRib vs Bitcoin | Channel: 1 Hour Lunch Break
3J_0AfVWNBo,0.53,0,,YouTube video title: Drove 150 Miles For This Burger | Channel: 1 Hour Lunch Break
6YKeQmv7Z_E,0.53,0,,YouTube video title: Billion Dollar Fried Chicken | Channel: 1 Hour Lunch Break
eR1f1IcCarI,0.53,0,,YouTube video title: Chili From A Train?! | Channel: 1 Hour Lunch Break
uiY6v9JiF_Q,0.53,0,,YouTube video title: Ultimate Sushi Making Kit | Channel: 1 Hour Lunch Break
aV4TjabeZYM,0.53,0,,YouTube video title: Daves Lunch Hack | Channel: 1 Hour Lunch Break
49xGQAN4klE,0.53,0,,YouTube video title: Mango Habanero Chicken | Channel: 1 Hour Lunch Break
59Dk4HRdtFc,0.53,0,,YouTube video title: Oversized Dumplings | Channel: 1 Hour Lunch Break
_ZVJ8hc5K8Y,0.53,0,,YouTube video title: Lobster Fest | Channel: 1 Hour Lunch Break
jEbaXa95E8c,0.53,0,,YouTube video title: Korean Food Surprised Me | Channel: 1 Hour Lunch Break
mVZlbJBhOI8,0.53,0,,YouTube video title: Watermelon Sandwich | Channel: 1 Hour Lunch Break
_NMxBnlFQbk,0.53,0,,YouTube video title: SMASHED burger | Channel: 1 Hour Lunch Break
6bfVhz7ibdg,0.53,0,,"YouTube video title: Wings, Tenders or Sliders? | Channel: 1 Hour Lunch Break"
tOg71eB2EBg,0.53,0,,YouTube video title: Barbecue Meat Volcano | Channel: 1 Hour Lunch Break
W8FI_-I_e7w,0.53,0,,YouTube video title: Korean BBQ for Lunch | Channel: 1 Hour Lunch Break
V5RI07-arSk,0.53,0,,YouTube video title: Stuffed Bagels | Channel: 1 Hour Lunch Break
gQ9w9SD1eIk,0.53,0,,YouTube video title: IKEA Secret Menu Meatball Sub | Channel: 1 Hour Lunch Break
p3wX-SMG3tM,0.53,0,,YouTube video title: The McRib Won’t Leave! | Channel: 1 Hour Lunch Break
XGPw0ezxZVU,0.53,0,,YouTube video title: NEW Chic-Fil-A Honey Pepper Pimento Sandwich | Channel: 1 Hour Lunch Break
Qd5J7stiWBU,0.53,0,,YouTube video title: Burger King Ghost Pepper Menu | Channel: 1 Hour Lunch Break
6bF0FntmsAY,0.53,0,,YouTube video title: Trying Daves Hot Chicken Tenders | Channel: 1 Hour Lunch Break
SJlz74npFsc,0.53,0,,YouTube video title: Trying World Empanadas for lunch | Channel: 1 Hour Lunch Break
0Mo6yLeZY-U,0.53,0,,YouTube video title: Chicken Parm Dip Sandwich from Mendocino Farms | Channel: 1 Hour Lunch Break
kWC_F-Lm_Mo,0.53,0,,YouTube video title: Jersey Mikes | Channel: 1 Hour Lunch Break
N0opHnZolSc,0.53,0,,YouTube video title: Have you ever had Acai Soft Serve? | Channel: Forking Around
eoBd7qURrPU,0.52,0,,YouTube video title: Lunch In My City | Channel: 1 Hour Lunch Break
0F568xq7stA,0.52,0,,YouTube video title: Butter Chicken Pizza | Channel: 1 Hour Lunch Break
tuPFrbctBlg,0.52,0,,YouTube video title: Viral Chocolate Chip Cookie Bar Cake | Channel: 1 Hour Lunch Break
afQtVaywvNE,0.52,0,,YouTube video title: Arby’s DEFINITELY Has The MEATS | Channel: 1 Hour Lunch Break
5vdizFNpCx0,0.52,0,,YouTube video title: Which Chicken is Top Tier? | Channel: 1 Hour Lunch Break
v-nTZNtQLRg,0.52,0,,YouTube video title: Popeyes Pickle Party | Channel: 1 Hour Lunch Break
xFDqLWRCl2U,0.52,0,,YouTube video title: Whole Roasted Duck | Channel: 1 Hour Lunch Break
90zVAD6E7ag,0.52,0,,YouTube video title: Chilis Secret Menu | Channel: 1 Hour Lunch Break
lCugmr_bgzE,0.52,0,,YouTube video title: The Hawk Tuah Lunch | Channel: 1 Hour Lunch Break
K6z6a7dYajU,0.52,0,,YouTube video title: Crab Feet for Lunch | Channel: 1 Hour Lunch Break
NWgzOle5iiw,0.52,0,,YouTube video title: Sephardic Lunchtime | Channel: 1 Hour Lunch Break
HuPgjwIyU8A,0.52,0,,YouTube video title: Chili Honey Fried Chicken Not What You Think @lifeofcian | Channel: 1 Hour Lunch Break
44EUPYEd_WI,0.52,0,,YouTube video title: MidEast Tacos | Channel: 1 Hour Lunch Break
c5OD4YkK39c,0.52,0,,YouTube video title: Popeyes Wings | Channel: 1 Hour Lunch Break
QqameRL-Ki4,0.52,0,,YouTube video title: Pie Ice Cream | Channel: 1 Hour Lunch Break
Vu2eCvanzgg,0.52,0,,YouTube video title: Is Ube (Purple Yam) Taro? | Channel: 1 Hour Lunch Break
Stlt2sBkqMc,0.52,0,,YouTube video title: Trying spicy chicken noodles and papaya salad | Channel: 1 Hour Lunch Break
7VC7QK-L6UI,0.52,0,,YouTube video title: Hot Honey Peach & Prosciutto Sando from Mendocino Farms | Channel: 1 Hour Lunch Break
zLXAZRcRJQo,0.52,0,,YouTube video title: Trying Monta Factory monta and cheese borek | Channel: 1 Hour Lunch Break
_4Jy893at-8,0.52,0,,YouTube video title: Gus’s World Famous Fried Chicken | Channel: 1 Hour Lunch Break
14cjAqxOqac,0.52,0,,YouTube video title: Fish King Salmon Plate | Channel: 1 Hour Lunch Break
Pqdm_jK-K8k,0.52,0,,"YouTube video title: I’m starting my food content journey! Join me as I cook, find the best restaurants & more! #food | Channel: Jordan Bentley Eats"
zW1qjCQibJk,0.51,0,,YouTube video title: Wingstop BBQ Flavors?! | Channel: 1 Hour Lunch Break
2WRJKYFkAOo,0.51,0,,YouTube video title: Chicken Feet Lunch | Channel: 1 Hour Lunch Break
kW-Oixi0DvM,0.51,0,,YouTube video title: Wingstop Haunted Habanero | Channel: 1 Hour Lunch Break
7dpmhUJe8O4,0.51,0,,YouTube video title: $140 Royal Lobster Rolls | Channel: 1 Hour Lunch Break
kEmDsgjfpFw,0.51,0,0,YouTube video title: Baby Blues BBQ | Channel: 1 Hour Lunch Break
KVhvvr1SfK4,0.51,0,,YouTube video title: Lunchly VS Lunchables | Channel: 1 Hour Lunch Break
k8hnGsMSI5s,0.51,0,,YouTube video title: Popeyes NEW WING FLAVOR | Channel: 1 Hour Lunch Break
TnvsKbCEkcg,0.51,0,,YouTube video title: What’s Roman Style Pizza?! | Channel: 1 Hour Lunch Break
4IDWhVSJGN0,0.51,0,,YouTube video title: Fried Chicken Sandwich Week! | Channel: 1 Hour Lunch Break
Ra_E-sgJ-2Y,0.51,0,,YouTube video title: Trying The Carving Board Bordeaux Sandwich | Channel: 1 Hour Lunch Break
sbqrIXaYiYo,0.51,0,,YouTube video title: Is This the Best Road Trip in California? 100 Hours of Food & Fun! | Channel: Rockstar Eater
KVbIBVTs-UA,0.5,0,,"YouTube video title: #ad Football, Wings and Protection with @progressive | Channel: 1 Hour Lunch Break"
e4Kwxa_mOJk,0.5,0,,YouTube video title: Purple Rice Burrito | Channel: 1 Hour Lunch Break
HtGq9VyVqEg,0.5,0,,YouTube video title: Parking Lot BBQ | Channel: 1 Hour Lunch Break
HFsMLw9wGUk,0.5,0,,YouTube video title: First Time at FIVE GUYS | Channel: 1 Hour Lunch Break
OivxJqORusA,0.5,0,,YouTube video title: Trying @shakeshack NEW Smoky BBQ Menu | Channel: 1 Hour Lunch Break
cEtNX0x3yrM,0.5,0,,YouTube video title: Burnt Chicken Lunch?! | Channel: 1 Hour Lunch Break
cLBKh27T57g,0.5,0,,YouTube video title: Billion Dollar Mozzarella Sticks?! | Channel: 1 Hour Lunch Break
jbv83-4eMHU,0.5,0,,YouTube video title: Healthy Lunch?! | Channel: 1 Hour Lunch Break
et577SNZwLI,0.5,0,,YouTube video title: Shake Shack Has Korean Food?! | Channel: 1 Hour Lunch Break
EwgFejIGv-E,0.5,0,,YouTube video title: Smoky Ramen | Channel: 1 Hour Lunch Break
T-WQC78NVP8,0.5,0,,YouTube video title: A Crabby Patty?! | Channel: 1 Hour Lunch Break
ZcKd6Izf7sg,0.5,0,,YouTube video title: Raising Canes Without Sauce?! | Channel: 1 Hour Lunch Break
0pVZnD3bMRI,0.5,0,,YouTube video title: Pig Leg Lunch?! | Channel: 1 Hour Lunch Break
_75J6c3pNz4,0.5,0,,YouTube video title: Dominos Stuffs Their Crust?! | Channel: 1 Hour Lunch Break
aW6QsbIODiI,0.5,0,,YouTube video title: Breakfast From A Bucket | Channel: 1 Hour Lunch Break
3WHELE9Ziw0,0.5,0,,YouTube video title: Sushi School | Channel: 1 Hour Lunch Break
rRY-xaJNHD4,0.5,0,,YouTube video title: This Isn’t Pizza | Channel: 1 Hour Lunch Break
1zdI9Ia20iA,0.5,0,,YouTube video title: Hot Orange Chicken | Channel: 1 Hour Lunch Break
wbwzMYHpG3o,0.5,0,,YouTube video title: Fast Food Wings?! | Channel: 1 Hour Lunch Break
Vwl3JYhThKE,0.5,0,,YouTube video title: How Good is Applebees 50 Cent Wings? | Channel: 1 Hour Lunch Break
PIUOOT7_XhQ,0.5,0,,YouTube video title: Pineapple Pizza YES/NO? | Channel: 1 Hour Lunch Break
sLDy6oIlkXo,0.5,0,,YouTube video title: BBQ & Breaking Bad #walterwhite #breakingbad #deannorris | Channel: 1 Hour Lunch Break
gNjtWr-9O-s,0.5,0,,YouTube video title: Steak & Egg Breakfast Burrito | Channel: 1 Hour Lunch Break
dgw7yr9bBm0,0.5,0,,YouTube video title: Jersey Mikes @HowKevEats Style | Channel: 1 Hour Lunch Break
OwXmWKzFznU,0.5,0,,YouTube video title: Pizza from Quarter Sheets | Channel: 1 Hour Lunch Break
ZbGHbng4tjk,0.5,0,0,YouTube video title: Trying Western Bagel | Channel: 1 Hour Lunch Break
NePNM4a8GkU,0.5,0,,YouTube video title: Ever Heard Of Salmon Gravlax? Hanks Bagels For Lunch | Channel: 1 Hour Lunch Break
c6x_utlpBuo,0.5,0,,YouTube video title: Hot Wings Cafe buffalo wings with creamy ranch and perfectly melted cheese fries. | Channel: 1 Hour Lunch Break
LVsxtAodaEo,0.5,0,,YouTube video title: Crispy Fried Chicken Sandwich from Rockbird | Channel: 1 Hour Lunch Break
iYVN3cJ1n7o,0.5,0,,YouTube video title: Hummus Republic.  Who knew hummus could be the main course. | Channel: 1 Hour Lunch Break
SyuZRC-bXbw,0.5,0,,YouTube video title: Chick Fil A Spicy Chicken #foodie | Channel: 1 Hour Lunch Break
AfKx6rq5-rg,0.5,0,,YouTube video title: PSA: The Black & White Cookie is back at Levain Bakery | Channel: Forking Around
WTdxjtJqgGQ,0.5,0,,YouTube video title: LEGENDARY ICONIC ITALIAN STEAKHOUSE🤩🇮🇹 | Channel: obieats
